date,global_id,zeitgeist_rank,article,clean_title,views,pillar
2025-01-09,2025-01-09_1,1,Jimmy_Carter,Jimmy Carter,742991,Politics & Civic Life
2025-01-09,2025-01-09_2,2,Amy_Carter,Amy Carter,344759,Politics & Civic Life
2025-01-09,2025-01-09_3,3,Greenland,Greenland,255643,Lifestyle & Wellness
2025-01-09,2025-01-09_4,4,"Pacific_Palisades,_Los_Angeles","Pacific Palisades, Los Angeles",209909,Lifestyle & Wellness
2025-01-09,2025-01-09_5,5,January_2025_Southern_California_wildfires,January 2025 Southern California wildfires,196079,Lifestyle & Wellness
2025-01-09,2025-01-09_6,6,Jason_Carter_(politician),Jason Carter (politician),182005,Politics & Civic Life
2025-01-09,2025-01-09_7,7,Twilight_Zone_accident,Twilight Zone accident,174865,Entertainment & Pop Culture
2025-01-09,2025-01-09_8,8,Jack_Carter_(politician),Jack Carter (politician),170484,Politics & Civic Life
2025-01-09,2025-01-09_9,9,Gerald_Ford,Gerald Ford,167749,Politics & Civic Life
2025-01-09,2025-01-09_10,10,Squid_Game_season_2,Squid Game season 2,163038,Entertainment & Pop Culture
2025-01-09,2025-01-09_11,11,Walter_Mondale,Walter Mondale,156474,Politics & Civic Life
2025-01-09,2025-01-09_12,12,James_Woods,James Woods,155489,Entertainment & Pop Culture
2025-01-09,2025-01-09_13,13,Andrew_Young,Andrew Young,149544,Politics & Civic Life
2025-01-09,2025-01-09_14,14,Karen_Bass,Karen Bass,136974,Politics & Civic Life
2025-01-09,2025-01-09_15,15,Palisades_Fire_(2025),Palisades Fire (2025),132361,Lifestyle & Wellness
2025-01-09,2025-01-09_16,16,Deaths_in_2025,Deaths in 2025,124588,Lifestyle & Wellness
2025-01-09,2025-01-09_17,17,Human_metapneumovirus,Human metapneumovirus,121498,Science & Technology
2025-01-09,2025-01-09_18,18,Brothers_Home,Brothers Home,121022,Entertainment & Pop Culture
2025-01-09,2025-01-09_19,19,Squid_Game,Squid Game,119137,Entertainment & Pop Culture
2025-01-09,2025-01-09_20,20,Nosferatu_(2024_film),Nosferatu (2024 film),116918,Entertainment & Pop Culture
2025-01-09,2025-01-09_21,21,Pepsi_Paloma,Pepsi Paloma,113348,Entertainment & Pop Culture
2025-01-09,2025-01-09_22,22,Santa_Ana_winds,Santa Ana winds,113228,Science & Technology
2025-01-09,2025-01-09_23,23,Joseph_Aoun,Joseph Aoun,111980,Politics & Civic Life
2025-01-09,2025-01-09_24,24,Pushpa_2:_The_Rule,Pushpa 2: The Rule,108235,Entertainment & Pop Culture
2025-01-09,2025-01-09_25,25,Steven_Ford,Steven Ford,107823,Entertainment & Pop Culture
2025-01-08,2025-01-08_1,1,Greenland,Greenland,490525,Lifestyle & Wellness
2025-01-08,2025-01-08_2,2,Twilight_Zone_accident,Twilight Zone accident,386179,Entertainment & Pop Culture
2025-01-08,2025-01-08_3,3,Human_metapneumovirus,Human metapneumovirus,190017,Science & Technology
2025-01-08,2025-01-08_4,4,Squid_Game_season_2,Squid Game season 2,186191,Entertainment & Pop Culture
2025-01-08,2025-01-08_5,5,Jimmy_Carter,Jimmy Carter,183021,Politics & Civic Life
2025-01-08,2025-01-08_6,6,Brothers_Home,Brothers Home,167875,Entertainment & Pop Culture
2025-01-08,2025-01-08_7,7,Elvis_Presley,Elvis Presley,156572,Entertainment & Pop Culture
2025-01-08,2025-01-08_8,8,.xxx,.xxx,155982,Science & Technology
2025-01-08,2025-01-08_9,9,"Pacific_Palisades,_Los_Angeles","Pacific Palisades, Los Angeles",152631,Lifestyle & Wellness
2025-01-08,2025-01-08_10,10,Peter_Yarrow,Peter Yarrow,149518,Entertainment & Pop Culture
2025-01-08,2025-01-08_11,11,Justin_Trudeau,Justin Trudeau,134207,Politics & Civic Life
2025-01-08,2025-01-08_12,12,Squid_Game,Squid Game,133746,Entertainment & Pop Culture
2025-01-08,2025-01-08_13,13,Brian_Matusz,Brian Matusz,131719,Sports & Athletics
2025-01-08,2025-01-08_14,14,Nosferatu_(2024_film),Nosferatu (2024 film),129777,Entertainment & Pop Culture
2025-01-08,2025-01-08_15,15,Deaths_in_2025,Deaths in 2025,127219,Lifestyle & Wellness
2025-01-08,2025-01-08_16,16,Gulf_of_Mexico,Gulf of Mexico,124374,Lifestyle & Wellness
2025-01-08,2025-01-08_17,17,Emilia_Pérez,Emilia Pérez,121013,Entertainment & Pop Culture
2025-01-08,2025-01-08_18,18,Elon_Musk,Elon Musk,118285,Business & Finance
2025-01-08,2025-01-08_19,19,Zendaya,Zendaya,116482,Entertainment & Pop Culture
2025-01-08,2025-01-08_20,20,Pushpa_2:_The_Rule,Pushpa 2: The Rule,114656,Entertainment & Pop Culture
2025-01-08,2025-01-08_21,21,Panama_Canal,Panama Canal,105970,Politics & Civic Life
2025-01-08,2025-01-08_22,22,"Peter,_Paul_and_Mary","Peter, Paul and Mary",101932,Entertainment & Pop Culture
2025-01-08,2025-01-08_23,23,Amy_Carter,Amy Carter,101818,Politics & Civic Life
2025-01-08,2025-01-08_24,24,Jerry_Springer,Jerry Springer,96122,Entertainment & Pop Culture
2025-01-08,2025-01-08_25,25,Sutton_Foster,Sutton Foster,90092,Entertainment & Pop Culture
2025-01-07,2025-01-07_1,1,Greenland,Greenland,354451,Lifestyle & Wellness
2025-01-07,2025-01-07_2,2,Amy_Carter,Amy Carter,321577,Politics & Civic Life
2025-01-07,2025-01-07_3,3,Justin_Trudeau,Justin Trudeau,318952,Politics & Civic Life
2025-01-07,2025-01-07_4,4,Jimmy_Carter,Jimmy Carter,304612,Politics & Civic Life
2025-01-07,2025-01-07_5,5,Human_metapneumovirus,Human metapneumovirus,302197,Science & Technology
2025-01-07,2025-01-07_6,6,Brothers_Home,Brothers Home,257987,Entertainment & Pop Culture
2025-01-07,2025-01-07_7,7,.xxx,.xxx,246406,Science & Technology
2025-01-07,2025-01-07_8,8,Emilia_Pérez,Emilia Pérez,241241,Entertainment & Pop Culture
2025-01-07,2025-01-07_9,9,Squid_Game_season_2,Squid Game season 2,211691,Entertainment & Pop Culture
2025-01-07,2025-01-07_10,10,Zendaya,Zendaya,206311,Entertainment & Pop Culture
2025-01-07,2025-01-07_11,11,Jeff_Baena,Jeff Baena,181551,Entertainment & Pop Culture
2025-01-07,2025-01-07_12,12,Demi_Moore,Demi Moore,168736,Entertainment & Pop Culture
2025-01-07,2025-01-07_13,13,Aubrey_Plaza,Aubrey Plaza,166618,Entertainment & Pop Culture
2025-01-07,2025-01-07_14,14,Squid_Game,Squid Game,149370,Entertainment & Pop Culture
2025-01-07,2025-01-07_15,15,Peter_Yarrow,Peter Yarrow,145681,Entertainment & Pop Culture
2025-01-07,2025-01-07_16,16,Jean-Marie_Le_Pen,Jean-Marie Le Pen,141557,Politics & Civic Life
2025-01-07,2025-01-07_17,17,The_Brutalist,The Brutalist,140592,Entertainment & Pop Culture
2025-01-07,2025-01-07_18,18,Karla_Sofía_Gascón,Karla Sofía Gascón,139912,Entertainment & Pop Culture
2025-01-07,2025-01-07_19,19,Tom_Holland,Tom Holland,136745,Entertainment & Pop Culture
2025-01-07,2025-01-07_20,20,Deaths_in_2025,Deaths in 2025,132794,Lifestyle & Wellness
2025-01-07,2025-01-07_21,21,Nikki_Glaser,Nikki Glaser,131919,Entertainment & Pop Culture
2025-01-07,2025-01-07_22,22,The_Substance,The Substance,131046,Entertainment & Pop Culture
2025-01-07,2025-01-07_23,23,Nosferatu_(2024_film),Nosferatu (2024 film),129808,Entertainment & Pop Culture
2025-01-07,2025-01-07_24,24,Pushpa_2:_The_Rule,Pushpa 2: The Rule,128017,Entertainment & Pop Culture
2025-01-07,2025-01-07_25,25,Elon_Musk,Elon Musk,126702,Business & Finance
2025-01-06,2025-01-06_1,1,Emilia_Pérez,Emilia Pérez,616790,Entertainment & Pop Culture
2025-01-06,2025-01-06_2,2,82nd_Golden_Globe_Awards,82nd Golden Globe Awards,609784,Entertainment & Pop Culture
2025-01-06,2025-01-06_3,3,Human_metapneumovirus,Human metapneumovirus,569437,Science & Technology
2025-01-06,2025-01-06_4,4,The_Brutalist,The Brutalist,559589,Entertainment & Pop Culture
2025-01-06,2025-01-06_5,5,Justin_Trudeau,Justin Trudeau,496253,Politics & Civic Life
2025-01-06,2025-01-06_6,6,Karla_Sofía_Gascón,Karla Sofía Gascón,441467,Entertainment & Pop Culture
2025-01-06,2025-01-06_7,7,Demi_Moore,Demi Moore,381665,Entertainment & Pop Culture
2025-01-06,2025-01-06_8,8,The_Vivienne,The Vivienne,337859,Entertainment & Pop Culture
2025-01-06,2025-01-06_9,9,The_Substance,The Substance,286302,Entertainment & Pop Culture
2025-01-06,2025-01-06_10,10,Nikki_Glaser,Nikki Glaser,284159,Entertainment & Pop Culture
2025-01-06,2025-01-06_11,11,Brothers_Home,Brothers Home,279936,Entertainment & Pop Culture
2025-01-06,2025-01-06_12,12,.xxx,.xxx,279180,Science & Technology
2025-01-06,2025-01-06_13,13,Adrien_Brody,Adrien Brody,262345,Entertainment & Pop Culture
2025-01-06,2025-01-06_14,14,Squid_Game_season_2,Squid Game season 2,242314,Entertainment & Pop Culture
2025-01-06,2025-01-06_15,15,Jeff_Baena,Jeff Baena,221269,Entertainment & Pop Culture
2025-01-06,2025-01-06_16,16,Zoe_Saldaña,Zoe Saldaña,209923,Entertainment & Pop Culture
2025-01-06,2025-01-06_17,17,Aubrey_Plaza,Aubrey Plaza,207878,Entertainment & Pop Culture
2025-01-06,2025-01-06_18,18,Nosferatu_(2024_film),Nosferatu (2024 film),173948,Entertainment & Pop Culture
2025-01-06,2025-01-06_19,19,Squid_Game,Squid Game,169864,Entertainment & Pop Culture
2025-01-06,2025-01-06_20,20,Zendaya,Zendaya,168147,Entertainment & Pop Culture
2025-01-06,2025-01-06_21,21,A_Different_Man,A Different Man,153379,Entertainment & Pop Culture
2025-01-06,2025-01-06_22,22,Pushpa_2:_The_Rule,Pushpa 2: The Rule,145930,Entertainment & Pop Culture
2025-01-06,2025-01-06_23,23,Golden_Globe_Awards,Golden Globe Awards,145169,Entertainment & Pop Culture
2025-01-06,2025-01-06_24,24,Shōgun_(2024_TV_series),Shōgun (2024 TV series),143624,Entertainment & Pop Culture
2025-01-06,2025-01-06_25,25,I'm_Still_Here_(2024_film),I'm Still Here (2024 film),142652,Entertainment & Pop Culture
2025-01-05,2025-01-05_1,1,Jeff_Baena,Jeff Baena,502003,Entertainment & Pop Culture
2025-01-05,2025-01-05_2,2,Aubrey_Plaza,Aubrey Plaza,448782,Entertainment & Pop Culture
2025-01-05,2025-01-05_3,3,The_Vivienne,The Vivienne,388341,Entertainment & Pop Culture
2025-01-05,2025-01-05_4,4,.xxx,.xxx,341624,Science & Technology
2025-01-05,2025-01-05_5,5,Squid_Game_season_2,Squid Game season 2,287270,Entertainment & Pop Culture
2025-01-05,2025-01-05_6,6,Brothers_Home,Brothers Home,242999,Entertainment & Pop Culture
2025-01-05,2025-01-05_7,7,Nosferatu_(2024_film),Nosferatu (2024 film),228206,Entertainment & Pop Culture
2025-01-05,2025-01-05_8,8,Squid_Game,Squid Game,196361,Entertainment & Pop Culture
2025-01-05,2025-01-05_9,9,Human_metapneumovirus,Human metapneumovirus,193898,Science & Technology
2025-01-05,2025-01-05_10,10,Jimmy_Carter,Jimmy Carter,182161,Politics & Civic Life
2025-01-05,2025-01-05_11,11,Pushpa_2:_The_Rule,Pushpa 2: The Rule,146375,Entertainment & Pop Culture
2025-01-05,2025-01-05_12,12,Pan_Am_Flight_103,Pan Am Flight 103,144483,Politics & Civic Life
2025-01-05,2025-01-05_13,13,Mufasa:_The_Lion_King,Mufasa: The Lion King,135531,Entertainment & Pop Culture
2025-01-05,2025-01-05_14,14,Derrick_Rose,Derrick Rose,134980,Sports & Athletics
2025-01-05,2025-01-05_15,15,George_Soros,George Soros,132662,Business & Finance
2025-01-05,2025-01-05_16,16,Presidential_Medal_of_Freedom,Presidential Medal of Freedom,128609,Politics & Civic Life
2025-01-05,2025-01-05_17,17,Wicked_(2024_film),Wicked (2024 film),127638,Entertainment & Pop Culture
2025-01-05,2025-01-05_18,18,Deaths_in_2025,Deaths in 2025,123289,Lifestyle & Wellness
2025-01-05,2025-01-05_19,19,Marco_(2024_film),Marco (2024 film),115022,Entertainment & Pop Culture
2025-01-05,2025-01-05_20,20,Border–Gavaskar_Trophy,Border–Gavaskar Trophy,115010,Sports & Athletics
2025-01-05,2025-01-05_21,21,Avicii,Avicii,111714,Entertainment & Pop Culture
2025-01-05,2025-01-05_22,22,Elon_Musk,Elon Musk,109020,Business & Finance
2025-01-05,2025-01-05_23,23,Sonic_the_Hedgehog_3_(film),Sonic the Hedgehog 3 (film),105112,Entertainment & Pop Culture
2025-01-05,2025-01-05_24,24,82nd_Golden_Globe_Awards,82nd Golden Globe Awards,101415,Entertainment & Pop Culture
2025-01-05,2025-01-05_25,25,List_of_highest-grossing_Indian_films,List of highest-grossing Indian films,100940,Entertainment & Pop Culture
2025-01-04,2025-01-04_1,1,Jeff_Baena,Jeff Baena,716965,Entertainment & Pop Culture
2025-01-04,2025-01-04_2,2,Aubrey_Plaza,Aubrey Plaza,605176,Entertainment & Pop Culture
2025-01-04,2025-01-04_3,3,Squid_Game_season_2,Squid Game season 2,306354,Entertainment & Pop Culture
2025-01-04,2025-01-04_4,4,.xxx,.xxx,278322,Science & Technology
2025-01-04,2025-01-04_5,5,Human_metapneumovirus,Human metapneumovirus,239524,Science & Technology
2025-01-04,2025-01-04_6,6,Nosferatu_(2024_film),Nosferatu (2024 film),237201,Entertainment & Pop Culture
2025-01-04,2025-01-04_7,7,Jimmy_Carter,Jimmy Carter,232811,Politics & Civic Life
2025-01-04,2025-01-04_8,8,Brothers_Home,Brothers Home,196141,Entertainment & Pop Culture
2025-01-04,2025-01-04_9,9,Squid_Game,Squid Game,188397,Entertainment & Pop Culture
2025-01-04,2025-01-04_10,10,Luke_Littler,Luke Littler,187391,Sports & Athletics
2025-01-04,2025-01-04_11,11,Pan_Am_Flight_103,Pan Am Flight 103,144750,Politics & Civic Life
2025-01-04,2025-01-04_12,12,Pushpa_2:_The_Rule,Pushpa 2: The Rule,142015,Entertainment & Pop Culture
2025-01-04,2025-01-04_13,13,Avicii,Avicii,134842,Entertainment & Pop Culture
2025-01-04,2025-01-04_14,14,Mufasa:_The_Lion_King,Mufasa: The Lion King,134532,Entertainment & Pop Culture
2025-01-04,2025-01-04_15,15,Wicked_(2024_film),Wicked (2024 film),128344,Entertainment & Pop Culture
2025-01-04,2025-01-04_16,16,Amy_Carter,Amy Carter,120967,Politics & Civic Life
2025-01-04,2025-01-04_17,17,Deaths_in_2025,Deaths in 2025,117243,Lifestyle & Wellness
2025-01-04,2025-01-04_18,18,Marco_(2024_film),Marco (2024 film),114949,Entertainment & Pop Culture
2025-01-04,2025-01-04_19,19,Sonic_the_Hedgehog_3_(film),Sonic the Hedgehog 3 (film),102425,Entertainment & Pop Culture
2025-01-04,2025-01-04_20,20,Norovirus,Norovirus,101898,Science & Technology
2025-01-04,2025-01-04_21,21,List_of_highest-grossing_Indian_films,List of highest-grossing Indian films,98054,Entertainment & Pop Culture
2025-01-04,2025-01-04_22,22,Bob_Dylan,Bob Dylan,91679,Entertainment & Pop Culture
2025-01-04,2025-01-04_23,23,Missing_You_(2025_TV_series),Missing You (2025 TV series),90783,Entertainment & Pop Culture
2025-01-04,2025-01-04_24,24,Presidential_Medal_of_Freedom,Presidential Medal of Freedom,88813,Politics & Civic Life
2025-01-04,2025-01-04_25,25,Nosferatu,Nosferatu,86950,Entertainment & Pop Culture
2025-01-03,2025-01-03_1,1,Squid_Game_season_2,Squid Game season 2,336056,Entertainment & Pop Culture
2025-01-03,2025-01-03_2,2,Luke_Littler,Luke Littler,316702,Sports & Athletics
2025-01-03,2025-01-03_3,3,Marcus_Freeman,Marcus Freeman,303443,Sports & Athletics
2025-01-03,2025-01-03_4,4,Nosferatu_(2024_film),Nosferatu (2024 film),223589,Entertainment & Pop Culture
2025-01-03,2025-01-03_5,5,.xxx,.xxx,213072,Science & Technology
2025-01-03,2025-01-03_6,6,Squid_Game,Squid Game,186445,Entertainment & Pop Culture
2025-01-03,2025-01-03_7,7,Human_metapneumovirus,Human metapneumovirus,160403,Science & Technology
2025-01-03,2025-01-03_8,8,Pushpa_2:_The_Rule,Pushpa 2: The Rule,151040,Entertainment & Pop Culture
2025-01-03,2025-01-03_9,9,Wayne_Osmond,Wayne Osmond,149195,Entertainment & Pop Culture
2025-01-03,2025-01-03_10,10,Avicii,Avicii,142325,Entertainment & Pop Culture
2025-01-03,2025-01-03_11,11,PDC_World_Darts_Championship,PDC World Darts Championship,141136,Sports & Athletics
2025-01-03,2025-01-03_12,12,2025_PDC_World_Darts_Championship,2025 PDC World Darts Championship,133581,Sports & Athletics
2025-01-03,2025-01-03_13,13,2025_New_Orleans_truck_attack,2025 New Orleans truck attack,133215,Politics & Civic Life
2025-01-03,2025-01-03_14,14,Michael_van_Gerwen,Michael van Gerwen,128359,Sports & Athletics
2025-01-03,2025-01-03_15,15,Pan_Am_Flight_103,Pan Am Flight 103,127355,Politics & Civic Life
2025-01-03,2025-01-03_16,16,Deaths_in_2025,Deaths in 2025,123656,Lifestyle & Wellness
2025-01-03,2025-01-03_17,17,Mufasa:_The_Lion_King,Mufasa: The Lion King,121358,Entertainment & Pop Culture
2025-01-03,2025-01-03_18,18,Norovirus,Norovirus,120813,Science & Technology
2025-01-03,2025-01-03_19,19,Wicked_(2024_film),Wicked (2024 film),115517,Entertainment & Pop Culture
2025-01-03,2025-01-03_20,20,Marco_(2024_film),Marco (2024 film),113860,Entertainment & Pop Culture
2025-01-03,2025-01-03_21,21,List_of_highest-grossing_Indian_films,List of highest-grossing Indian films,112957,Entertainment & Pop Culture
2025-01-03,2025-01-03_22,22,Jimmy_Carter,Jimmy Carter,105049,Politics & Civic Life
2025-01-03,2025-01-03_23,23,Brothers_Home,Brothers Home,103230,Entertainment & Pop Culture
2025-01-03,2025-01-03_24,24,Mike_Johnson,Mike Johnson,101467,Politics & Civic Life
2025-01-03,2025-01-03_25,25,Sonic_the_Hedgehog_3_(film),Sonic the Hedgehog 3 (film),94567,Entertainment & Pop Culture
2025-01-02,2025-01-02_1,1,Squid_Game_season_2,Squid Game season 2,378443,Entertainment & Pop Culture
2025-01-02,2025-01-02_2,2,2025_New_Orleans_truck_attack,2025 New Orleans truck attack,270974,Politics & Civic Life
2025-01-02,2025-01-02_3,3,Nosferatu_(2024_film),Nosferatu (2024 film),238606,Entertainment & Pop Culture
2025-01-02,2025-01-02_4,4,Squid_Game,Squid Game,209090,Entertainment & Pop Culture
2025-01-02,2025-01-02_5,5,Jocelyn_Wildenstein,Jocelyn Wildenstein,199947,Lifestyle & Wellness
2025-01-02,2025-01-02_6,6,Stephen_Bunting,Stephen Bunting,173145,Sports & Athletics
2025-01-02,2025-01-02_7,7,Avicii,Avicii,168524,Entertainment & Pop Culture
2025-01-02,2025-01-02_8,8,.xxx,.xxx,168160,Science & Technology
2025-01-02,2025-01-02_9,9,Pushpa_2:_The_Rule,Pushpa 2: The Rule,161181,Entertainment & Pop Culture
2025-01-02,2025-01-02_10,10,2025_PDC_World_Darts_Championship,2025 PDC World Darts Championship,146325,Sports & Athletics
2025-01-02,2025-01-02_11,11,Norovirus,Norovirus,132557,Science & Technology
2025-01-02,2025-01-02_12,12,Jimmy_Carter,Jimmy Carter,132540,Politics & Civic Life
2025-01-02,2025-01-02_13,13,Mick_Jones_(Foreigner_guitarist),Mick Jones (Foreigner guitarist),129097,Entertainment & Pop Culture
2025-01-02,2025-01-02_14,14,Deaths_in_2025,Deaths in 2025,128756,Lifestyle & Wellness
2025-01-02,2025-01-02_15,15,Wicked_(2024_film),Wicked (2024 film),127802,Entertainment & Pop Culture
2025-01-02,2025-01-02_16,16,Mufasa:_The_Lion_King,Mufasa: The Lion King,127350,Entertainment & Pop Culture
2025-01-02,2025-01-02_17,17,Marco_(2024_film),Marco (2024 film),125414,Entertainment & Pop Culture
2025-01-02,2025-01-02_18,18,List_of_highest-grossing_Indian_films,List of highest-grossing Indian films,118415,Entertainment & Pop Culture
2025-01-02,2025-01-02_19,19,Pan_Am_Flight_103,Pan Am Flight 103,116168,Politics & Civic Life
2025-01-02,2025-01-02_20,20,Luke_Littler,Luke Littler,115700,Sports & Athletics
2025-01-02,2025-01-02_21,21,Luther_Vandross,Luther Vandross,107082,Entertainment & Pop Culture
2025-01-02,2025-01-02_22,22,Squid_Game_season_3,Squid Game season 3,105806,Entertainment & Pop Culture
2025-01-02,2025-01-02_23,23,Trump_International_Hotel_Las_Vegas_Tesla_Cybertruck_explosion,Trump International Hotel Las Vegas Tesla Cybertruck explosion,103685,Politics & Civic Life
2025-01-02,2025-01-02_24,24,Foreigner_(band),Foreigner (band),103165,Entertainment & Pop Culture
2025-01-02,2025-01-02_25,25,Lou_Gramm,Lou Gramm,100133,Entertainment & Pop Culture
2025-01-01,2025-01-01_1,1,Squid_Game_season_2,Squid Game season 2,421527,Entertainment & Pop Culture
2025-01-01,2025-01-01_2,2,Sophie_Ellis-Bextor,Sophie Ellis-Bextor,262150,Entertainment & Pop Culture
2025-01-01,2025-01-01_3,3,2025_New_Orleans_truck_attack,2025 New Orleans truck attack,259534,Politics & Civic Life
2025-01-01,2025-01-01_4,4,New_Year's_Day,New Year's Day,235582,Lifestyle & Wellness
2025-01-01,2025-01-01_5,5,Nosferatu_(2024_film),Nosferatu (2024 film),222619,Entertainment & Pop Culture
2025-01-01,2025-01-01_6,6,Jimmy_Carter,Jimmy Carter,212510,Politics & Civic Life
2025-01-01,2025-01-01_7,7,Squid_Game,Squid Game,201086,Entertainment & Pop Culture
2025-01-01,2025-01-01_8,8,Avicii,Avicii,197806,Entertainment & Pop Culture
2025-01-01,2025-01-01_9,9,2025_PDC_World_Darts_Championship,2025 PDC World Darts Championship,161582,Sports & Athletics
2025-01-01,2025-01-01_10,10,Wicked_(2024_film),Wicked (2024 film),160985,Entertainment & Pop Culture
2025-01-01,2025-01-01_11,11,Pushpa_2:_The_Rule,Pushpa 2: The Rule,152643,Entertainment & Pop Culture
2025-01-01,2025-01-01_12,12,.xxx,.xxx,151506,Science & Technology
2025-01-01,2025-01-01_13,13,Anne_Kirkpatrick_(police_officer),Anne Kirkpatrick (police officer),149606,Politics & Civic Life
2025-01-01,2025-01-01_14,14,Cam_Skattebo,Cam Skattebo,147571,Sports & Athletics
2025-01-01,2025-01-01_15,15,Mufasa:_The_Lion_King,Mufasa: The Lion King,137652,Entertainment & Pop Culture
2025-01-01,2025-01-01_16,16,Auld_Lang_Syne,Auld Lang Syne,136893,Entertainment & Pop Culture
2025-01-01,2025-01-01_17,17,Anderson_Cooper,Anderson Cooper,130288,Entertainment & Pop Culture
2025-01-01,2025-01-01_18,18,Deaths_in_2025,Deaths in 2025,128412,Lifestyle & Wellness
2025-01-01,2025-01-01_19,19,Stephen_Bunting,Stephen Bunting,126759,Sports & Athletics
2025-01-01,2025-01-01_20,20,Paul_Carrack,Paul Carrack,124002,Entertainment & Pop Culture
2025-01-01,2025-01-01_21,21,Marco_(2024_film),Marco (2024 film),119075,Entertainment & Pop Culture
2025-01-01,2025-01-01_22,22,Kenny_Dillingham,Kenny Dillingham,115119,Sports & Athletics
2025-01-01,2025-01-01_23,23,Bob_Dylan,Bob Dylan,114164,Entertainment & Pop Culture
2025-01-01,2025-01-01_24,24,Alanis_Morissette,Alanis Morissette,109095,Entertainment & Pop Culture
2025-01-01,2025-01-01_25,25,Robbie_Williams,Robbie Williams,106014,Entertainment & Pop Culture
2024-12-31,2024-12-31_1,1,Jimmy_Carter,Jimmy Carter,536174,Politics & Civic Life
2024-12-31,2024-12-31_2,2,Squid_Game_season_2,Squid Game season 2,420885,Entertainment & Pop Culture
2024-12-31,2024-12-31_3,3,.xxx,.xxx,261421,Science & Technology
2024-12-31,2024-12-31_4,4,New_Year's_Eve,New Year's Eve,223136,Lifestyle & Wellness
2024-12-31,2024-12-31_5,5,Nosferatu_(2024_film),Nosferatu (2024 film),215117,Entertainment & Pop Culture
2024-12-31,2024-12-31_6,6,Squid_Game,Squid Game,200827,Entertainment & Pop Culture
2024-12-31,2024-12-31_7,7,Sophie_Ellis-Bextor,Sophie Ellis-Bextor,200632,Entertainment & Pop Culture
2024-12-31,2024-12-31_8,8,Deaths_in_2024,Deaths in 2024,165937,Lifestyle & Wellness
2024-12-31,2024-12-31_9,9,Linda_Lavin,Linda Lavin,162708,Entertainment & Pop Culture
2024-12-31,2024-12-31_10,10,Pushpa_2:_The_Rule,Pushpa 2: The Rule,162552,Entertainment & Pop Culture
2024-12-31,2024-12-31_11,11,Robbie_Williams,Robbie Williams,136968,Entertainment & Pop Culture
2024-12-31,2024-12-31_12,12,Amy_Carter,Amy Carter,135019,Politics & Civic Life
2024-12-31,2024-12-31_13,13,Norovirus,Norovirus,128194,Science & Technology
2024-12-31,2024-12-31_14,14,Rami_Malek,Rami Malek,124736,Entertainment & Pop Culture
2024-12-31,2024-12-31_15,15,Marco_(2024_film),Marco (2024 film),121568,Entertainment & Pop Culture
2024-12-31,2024-12-31_16,16,Bob_Dylan,Bob Dylan,108154,Entertainment & Pop Culture
2024-12-31,2024-12-31_17,17,Jeju_Air_Flight_2216,Jeju Air Flight 2216,106743,Lifestyle & Wellness
2024-12-31,2024-12-31_18,18,Avicii,Avicii,106095,Entertainment & Pop Culture
2024-12-31,2024-12-31_19,19,Mufasa:_The_Lion_King,Mufasa: The Lion King,104959,Entertainment & Pop Culture
2024-12-31,2024-12-31_20,20,List_of_highest-grossing_Indian_films,List of highest-grossing Indian films,103331,Entertainment & Pop Culture
2024-12-31,2024-12-31_21,21,Wicked_(2024_film),Wicked (2024 film),100260,Entertainment & Pop Culture
2024-12-31,2024-12-31_22,22,Sonic_the_Hedgehog_3_(film),Sonic the Hedgehog 3 (film),100110,Entertainment & Pop Culture
2024-12-31,2024-12-31_23,23,Cleopatra,Cleopatra,90472,Politics & Civic Life
2024-12-31,2024-12-31_24,24,Twelve_Grapes,Twelve Grapes,89129,Lifestyle & Wellness
2024-12-31,2024-12-31_25,25,T.O.P,T.O.P,87323,Entertainment & Pop Culture
2024-12-30,2024-12-30_1,1,Jimmy_Carter,Jimmy Carter,1839483,Politics & Civic Life
2024-12-30,2024-12-30_2,2,Squid_Game_season_2,Squid Game season 2,562423,Entertainment & Pop Culture
2024-12-30,2024-12-30_3,3,Linda_Lavin,Linda Lavin,357593,Entertainment & Pop Culture
2024-12-30,2024-12-30_4,4,Amy_Carter,Amy Carter,312378,Politics & Civic Life
2024-12-30,2024-12-30_5,5,Rosalynn_Carter,Rosalynn Carter,294851,Politics & Civic Life
2024-12-30,2024-12-30_6,6,Nosferatu_(2024_film),Nosferatu (2024 film),260593,Entertainment & Pop Culture
2024-12-30,2024-12-30_7,7,Squid_Game,Squid Game,241506,Entertainment & Pop Culture
2024-12-30,2024-12-30_8,8,Jeju_Air_Flight_2216,Jeju Air Flight 2216,212603,Lifestyle & Wellness
2024-12-30,2024-12-30_9,9,.xxx,.xxx,194103,Science & Technology
2024-12-30,2024-12-30_10,10,2025_PDC_World_Darts_Championship,2025 PDC World Darts Championship,189846,Sports & Athletics
2024-12-30,2024-12-30_11,11,Pushpa_2:_The_Rule,Pushpa 2: The Rule,179741,Entertainment & Pop Culture
2024-12-30,2024-12-30_12,12,Deaths_in_2024,Deaths in 2024,167939,Lifestyle & Wellness
2024-12-30,2024-12-30_13,13,Jack_Carter_(politician),Jack Carter (politician),165921,Politics & Civic Life
2024-12-30,2024-12-30_14,14,Marco_(2024_film),Marco (2024 film),137978,Entertainment & Pop Culture
2024-12-30,2024-12-30_15,15,Ronald_Reagan,Ronald Reagan,124611,Politics & Civic Life
2024-12-30,2024-12-30_16,16,Sonic_the_Hedgehog_3_(film),Sonic the Hedgehog 3 (film),118170,Entertainment & Pop Culture
2024-12-30,2024-12-30_17,17,Bob_Dylan,Bob Dylan,114771,Entertainment & Pop Culture
2024-12-30,2024-12-30_18,18,List_of_presidents_of_the_United_States_by_age,List of presidents of the United States by age,111622,Politics & Civic Life
2024-12-30,2024-12-30_19,19,Mufasa:_The_Lion_King,Mufasa: The Lion King,111569,Entertainment & Pop Culture
2024-12-30,2024-12-30_20,20,List_of_presidents_of_the_United_States,List of presidents of the United States,110424,Politics & Civic Life
2024-12-30,2024-12-30_21,21,List_of_highest-grossing_Indian_films,List of highest-grossing Indian films,107887,Entertainment & Pop Culture
2024-12-30,2024-12-30_22,22,Gerald_Ford,Gerald Ford,106713,Politics & Civic Life
2024-12-30,2024-12-30_23,23,Baby_John_(film),Baby John (film),106405,Entertainment & Pop Culture
2024-12-30,2024-12-30_24,24,Norovirus,Norovirus,105445,Science & Technology
2024-12-30,2024-12-30_25,25,Jo_Yu-ri,Jo Yu-ri,104337,Entertainment & Pop Culture
2024-12-29,2024-12-29_1,1,Jimmy_Carter,Jimmy Carter,1106617,Politics & Civic Life
2024-12-29,2024-12-29_2,2,Squid_Game_season_2,Squid Game season 2,674370,Entertainment & Pop Culture
2024-12-29,2024-12-29_3,3,Jeju_Air_Flight_2216,Jeju Air Flight 2216,549695,Lifestyle & Wellness
2024-12-29,2024-12-29_4,4,Nosferatu_(2024_film),Nosferatu (2024 film),292376,Entertainment & Pop Culture
2024-12-29,2024-12-29_5,5,Squid_Game,Squid Game,274163,Entertainment & Pop Culture
2024-12-29,2024-12-29_6,6,Olivia_Hussey,Olivia Hussey,202889,Entertainment & Pop Culture
2024-12-29,2024-12-29_7,7,Pushpa_2:_The_Rule,Pushpa 2: The Rule,193117,Entertainment & Pop Culture
2024-12-29,2024-12-29_8,8,Jeju_Air,Jeju Air,190442,Business & Finance
2024-12-29,2024-12-29_9,9,2025_PDC_World_Darts_Championship,2025 PDC World Darts Championship,170272,Sports & Athletics
2024-12-29,2024-12-29_10,10,Greg_Gumbel,Greg Gumbel,167111,Sports & Athletics
2024-12-29,2024-12-29_11,11,.xxx,.xxx,164980,Science & Technology
2024-12-29,2024-12-29_12,12,Rosalynn_Carter,Rosalynn Carter,156662,Politics & Civic Life
2024-12-29,2024-12-29_13,13,Deaths_in_2024,Deaths in 2024,156481,Lifestyle & Wellness
2024-12-29,2024-12-29_14,14,Worlds_End_(2024),Worlds End (2024),139726,Entertainment & Pop Culture
2024-12-29,2024-12-29_15,15,Bryant_Gumbel,Bryant Gumbel,137850,Entertainment & Pop Culture
2024-12-29,2024-12-29_16,16,Jo_Yu-ri,Jo Yu-ri,135326,Entertainment & Pop Culture
2024-12-29,2024-12-29_17,17,Muan_International_Airport,Muan International Airport,134435,Lifestyle & Wellness
2024-12-29,2024-12-29_18,18,Bob_Dylan,Bob Dylan,132355,Entertainment & Pop Culture
2024-12-29,2024-12-29_19,19,Sonic_the_Hedgehog_3_(film),Sonic the Hedgehog 3 (film),131545,Entertainment & Pop Culture
2024-12-29,2024-12-29_20,20,Baby_John_(film),Baby John (film),131065,Entertainment & Pop Culture
2024-12-29,2024-12-29_21,21,Mufasa:_The_Lion_King,Mufasa: The Lion King,129967,Entertainment & Pop Culture
2024-12-29,2024-12-29_22,22,Amy_Carter,Amy Carter,128086,Politics & Civic Life
2024-12-29,2024-12-29_23,23,Gladiator_II,Gladiator II,121034,Entertainment & Pop Culture
2024-12-29,2024-12-29_24,24,Marco_(2024_film),Marco (2024 film),120641,Entertainment & Pop Culture
2024-12-29,2024-12-29_25,25,Dayle_Haddon,Dayle Haddon,113376,Entertainment & Pop Culture
2024-12-28,2024-12-28_1,1,Squid_Game_season_2,Squid Game season 2,754367,Entertainment & Pop Culture
2024-12-28,2024-12-28_2,2,Olivia_Hussey,Olivia Hussey,577151,Entertainment & Pop Culture
2024-12-28,2024-12-28_3,3,Greg_Gumbel,Greg Gumbel,480422,Sports & Athletics
2024-12-28,2024-12-28_4,4,Bryant_Gumbel,Bryant Gumbel,424128,Entertainment & Pop Culture
2024-12-28,2024-12-28_5,5,Nosferatu_(2024_film),Nosferatu (2024 film),314003,Entertainment & Pop Culture
2024-12-28,2024-12-28_6,6,Squid_Game,Squid Game,280025,Entertainment & Pop Culture
2024-12-28,2024-12-28_7,7,Manmohan_Singh,Manmohan Singh,252999,Politics & Civic Life
2024-12-28,2024-12-28_8,8,Nitish_Kumar_Reddy,Nitish Kumar Reddy,249568,Sports & Athletics
2024-12-28,2024-12-28_9,9,Pushpa_2:_The_Rule,Pushpa 2: The Rule,200500,Entertainment & Pop Culture
2024-12-28,2024-12-28_10,10,.xxx,.xxx,195826,Science & Technology
2024-12-28,2024-12-28_11,11,Deaths_in_2024,Deaths in 2024,157698,Lifestyle & Wellness
2024-12-28,2024-12-28_12,12,Jo_Yu-ri,Jo Yu-ri,152583,Entertainment & Pop Culture
2024-12-28,2024-12-28_13,13,Baby_John_(film),Baby John (film),148950,Entertainment & Pop Culture
2024-12-28,2024-12-28_14,14,2025_PDC_World_Darts_Championship,2025 PDC World Darts Championship,142961,Sports & Athletics
2024-12-28,2024-12-28_15,15,Dayle_Haddon,Dayle Haddon,134812,Entertainment & Pop Culture
2024-12-28,2024-12-28_16,16,Bob_Dylan,Bob Dylan,134781,Entertainment & Pop Culture
2024-12-28,2024-12-28_17,17,The_Six_Triple_Eight,The Six Triple Eight,134526,Entertainment & Pop Culture
2024-12-28,2024-12-28_18,18,Mufasa:_The_Lion_King,Mufasa: The Lion King,131566,Entertainment & Pop Culture
2024-12-28,2024-12-28_19,19,Sonic_the_Hedgehog_3_(film),Sonic the Hedgehog 3 (film),128830,Entertainment & Pop Culture
2024-12-28,2024-12-28_20,20,India_Eisley,India Eisley,122516,Entertainment & Pop Culture
2024-12-28,2024-12-28_21,21,Gladiator_II,Gladiator II,118514,Entertainment & Pop Culture
2024-12-28,2024-12-28_22,22,List_of_highest-grossing_Indian_films,List of highest-grossing Indian films,116197,Entertainment & Pop Culture
2024-12-28,2024-12-28_23,23,Dean_Paul_Martin,Dean Paul Martin,112075,Entertainment & Pop Culture
2024-12-28,2024-12-28_24,24,Elon_Musk,Elon Musk,108659,Business & Finance
2024-12-28,2024-12-28_25,25,T.O.P,T.O.P,108051,Entertainment & Pop Culture
2024-12-27,2024-12-27_1,1,Manmohan_Singh,Manmohan Singh,889045,Politics & Civic Life
2024-12-27,2024-12-27_2,2,Squid_Game_season_2,Squid Game season 2,839241,Entertainment & Pop Culture
2024-12-27,2024-12-27_3,3,Nosferatu_(2024_film),Nosferatu (2024 film),363577,Entertainment & Pop Culture
2024-12-27,2024-12-27_4,4,Squid_Game,Squid Game,305070,Entertainment & Pop Culture
2024-12-27,2024-12-27_5,5,Ainsley_Earhardt,Ainsley Earhardt,242629,Entertainment & Pop Culture
2024-12-27,2024-12-27_6,6,Pushpa_2:_The_Rule,Pushpa 2: The Rule,216212,Entertainment & Pop Culture
2024-12-27,2024-12-27_7,7,Greg_Gumbel,Greg Gumbel,214387,Sports & Athletics
2024-12-27,2024-12-27_8,8,.xxx,.xxx,197276,Science & Technology
2024-12-27,2024-12-27_9,9,Jo_Yu-ri,Jo Yu-ri,189460,Entertainment & Pop Culture
2024-12-27,2024-12-27_10,10,Sean_Hannity,Sean Hannity,182359,Politics & Civic Life
2024-12-27,2024-12-27_11,11,Baby_John_(film),Baby John (film),176884,Entertainment & Pop Culture
2024-12-27,2024-12-27_12,12,Boxing_Day,Boxing Day,176548,Lifestyle & Wellness
2024-12-27,2024-12-27_13,13,Bryant_Gumbel,Bryant Gumbel,161778,Entertainment & Pop Culture
2024-12-27,2024-12-27_14,14,Deaths_in_2024,Deaths in 2024,148623,Lifestyle & Wellness
2024-12-27,2024-12-27_15,15,Bob_Dylan,Bob Dylan,147460,Entertainment & Pop Culture
2024-12-27,2024-12-27_16,16,List_of_highest-grossing_Indian_films,List of highest-grossing Indian films,132762,Entertainment & Pop Culture
2024-12-27,2024-12-27_17,17,Mufasa:_The_Lion_King,Mufasa: The Lion King,130662,Entertainment & Pop Culture
2024-12-27,2024-12-27_18,18,Sonic_the_Hedgehog_3_(film),Sonic the Hedgehog 3 (film),124496,Entertainment & Pop Culture
2024-12-27,2024-12-27_19,19,2025_PDC_World_Darts_Championship,2025 PDC World Darts Championship,114893,Sports & Athletics
2024-12-27,2024-12-27_20,20,Your_Fault_(film),Your Fault (film),112680,Entertainment & Pop Culture
2024-12-27,2024-12-27_21,21,Gladiator_II,Gladiator II,112496,Entertainment & Pop Culture
2024-12-27,2024-12-27_22,22,Marco_(2024_film),Marco (2024 film),106103,Entertainment & Pop Culture
2024-12-27,2024-12-27_23,23,Azerbaijan_Airlines_Flight_8243,Azerbaijan Airlines Flight 8243,104537,Lifestyle & Wellness
2024-12-27,2024-12-27_24,24,Nosferatu,Nosferatu,101687,Entertainment & Pop Culture
2024-12-27,2024-12-27_25,25,Squid_Game_season_1,Squid Game season 1,99536,Entertainment & Pop Culture
2024-12-26,2024-12-26_1,1,Manmohan_Singh,Manmohan Singh,954799,Politics & Civic Life
2024-12-26,2024-12-26_2,2,Boxing_Day,Boxing Day,629575,Lifestyle & Wellness
2024-12-26,2024-12-26_3,3,Squid_Game_season_2,Squid Game season 2,612466,Entertainment & Pop Culture
2024-12-26,2024-12-26_4,4,Nosferatu_(2024_film),Nosferatu (2024 film),388470,Entertainment & Pop Culture
2024-12-26,2024-12-26_5,5,.xxx,.xxx,293524,Science & Technology
2024-12-26,2024-12-26_6,6,Pushpa_2:_The_Rule,Pushpa 2: The Rule,241580,Entertainment & Pop Culture
2024-12-26,2024-12-26_7,7,Baby_John_(film),Baby John (film),239109,Entertainment & Pop Culture
2024-12-26,2024-12-26_8,8,Squid_Game,Squid Game,223740,Entertainment & Pop Culture
2024-12-26,2024-12-26_9,9,Sam_Konstas,Sam Konstas,213318,Sports & Athletics
2024-12-26,2024-12-26_10,10,Azerbaijan_Airlines_Flight_8243,Azerbaijan Airlines Flight 8243,185469,Lifestyle & Wellness
2024-12-26,2024-12-26_11,11,Gavin_&_Stacey,Gavin & Stacey,170418,Entertainment & Pop Culture
2024-12-26,2024-12-26_12,12,Bob_Dylan,Bob Dylan,148721,Entertainment & Pop Culture
2024-12-26,2024-12-26_13,13,Deaths_in_2024,Deaths in 2024,147230,Lifestyle & Wellness
2024-12-26,2024-12-26_14,14,List_of_highest-grossing_Indian_films,List of highest-grossing Indian films,142780,Entertainment & Pop Culture
2024-12-26,2024-12-26_15,15,2004_Indian_Ocean_earthquake_and_tsunami,2004 Indian Ocean earthquake and tsunami,134408,Lifestyle & Wellness
2024-12-26,2024-12-26_16,16,Kwanzaa,Kwanzaa,133272,Lifestyle & Wellness
2024-12-26,2024-12-26_17,17,Gladiator_II,Gladiator II,131079,Entertainment & Pop Culture
2024-12-26,2024-12-26_18,18,Mufasa:_The_Lion_King,Mufasa: The Lion King,130450,Entertainment & Pop Culture
2024-12-26,2024-12-26_19,19,M._T._Vasudevan_Nair,M. T. Vasudevan Nair,128219,Entertainment & Pop Culture
2024-12-26,2024-12-26_20,20,Sonic_the_Hedgehog_3_(film),Sonic the Hedgehog 3 (film),121082,Entertainment & Pop Culture
2024-12-26,2024-12-26_21,21,Carry-On,Carry-On,117877,Entertainment & Pop Culture
2024-12-26,2024-12-26_22,22,Hanukkah,Hanukkah,116476,Lifestyle & Wellness
2024-12-26,2024-12-26_23,23,Nosferatu,Nosferatu,111930,Entertainment & Pop Culture
2024-12-26,2024-12-26_24,24,Marco_(2024_film),Marco (2024 film),111691,Entertainment & Pop Culture
2024-12-26,2024-12-26_25,25,Laura_Aikman,Laura Aikman,107578,Entertainment & Pop Culture
2024-12-25,2024-12-25_1,1,Anthropology,Anthropology,6131162,Science & Technology
2024-12-25,2024-12-25_2,2,.xxx,.xxx,267973,Science & Technology
2024-12-25,2024-12-25_3,3,Pushpa_2:_The_Rule,Pushpa 2: The Rule,250105,Entertainment & Pop Culture
2024-12-25,2024-12-25_4,4,Nosferatu_(2024_film),Nosferatu (2024 film),216982,Entertainment & Pop Culture
2024-12-25,2024-12-25_5,5,Baby_John_(film),Baby John (film),207272,Entertainment & Pop Culture
2024-12-25,2024-12-25_6,6,It's_a_Wonderful_Life,It's a Wonderful Life,169206,Entertainment & Pop Culture
2024-12-25,2024-12-25_7,7,A_Christmas_Story,A Christmas Story,166214,Entertainment & Pop Culture
2024-12-25,2024-12-25_8,8,Boxing_Day,Boxing Day,166096,Lifestyle & Wellness
2024-12-25,2024-12-25_9,9,Azerbaijan_Airlines_Flight_8243,Azerbaijan Airlines Flight 8243,165474,Lifestyle & Wellness
2024-12-25,2024-12-25_10,10,Macaulay_Culkin,Macaulay Culkin,159996,Entertainment & Pop Culture
2024-12-25,2024-12-25_11,11,Deaths_in_2024,Deaths in 2024,142664,Lifestyle & Wellness
2024-12-25,2024-12-25_12,12,Red_One_(film),Red One (film),137267,Entertainment & Pop Culture
2024-12-25,2024-12-25_13,13,Gavin_&_Stacey,Gavin & Stacey,133615,Entertainment & Pop Culture
2024-12-25,2024-12-25_14,14,Home_Alone,Home Alone,133526,Entertainment & Pop Culture
2024-12-25,2024-12-25_15,15,Hanukkah,Hanukkah,132418,Lifestyle & Wellness
2024-12-25,2024-12-25_16,16,Mufasa:_The_Lion_King,Mufasa: The Lion King,128108,Entertainment & Pop Culture
2024-12-25,2024-12-25_17,17,Christmas,Christmas,126045,Lifestyle & Wellness
2024-12-25,2024-12-25_18,18,North_Pole,North Pole,125146,Lifestyle & Wellness
2024-12-25,2024-12-25_19,19,List_of_highest-grossing_Indian_films,List of highest-grossing Indian films,125082,Entertainment & Pop Culture
2024-12-25,2024-12-25_20,20,Carry-On,Carry-On,123760,Entertainment & Pop Culture
2024-12-25,2024-12-25_21,21,Sonic_the_Hedgehog_3_(film),Sonic the Hedgehog 3 (film),121646,Entertainment & Pop Culture
2024-12-25,2024-12-25_22,22,Gladiator_II,Gladiator II,119427,Entertainment & Pop Culture
2024-12-25,2024-12-25_23,23,Wallace_&_Gromit:_Vengeance_Most_Fowl,Wallace & Gromit: Vengeance Most Fowl,116396,Entertainment & Pop Culture
2024-12-25,2024-12-25_24,24,Marco_(2024_film),Marco (2024 film),109845,Entertainment & Pop Culture
2024-12-25,2024-12-25_25,25,Cape_Cod_Air_Force_Station,Cape Cod Air Force Station,106607,Politics & Civic Life
2024-12-24,2024-12-24_1,1,Pushpa_2:_The_Rule,Pushpa 2: The Rule,257609,Entertainment & Pop Culture
2024-12-24,2024-12-24_2,2,University_of_Indonesia,University of Indonesia,249193,Lifestyle & Wellness
2024-12-24,2024-12-24_3,3,.xxx,.xxx,246875,Science & Technology
2024-12-24,2024-12-24_4,4,Justin_Baldoni,Justin Baldoni,181901,Entertainment & Pop Culture
2024-12-24,2024-12-24_5,5,Greenland,Greenland,151583,Lifestyle & Wellness
2024-12-24,2024-12-24_6,6,Deaths_in_2024,Deaths in 2024,145829,Lifestyle & Wellness
2024-12-24,2024-12-24_7,7,Sonic_the_Hedgehog_3_(film),Sonic the Hedgehog 3 (film),137451,Entertainment & Pop Culture
2024-12-24,2024-12-24_8,8,Mufasa:_The_Lion_King,Mufasa: The Lion King,134834,Entertainment & Pop Culture
2024-12-24,2024-12-24_9,9,Odyssey,Odyssey,134144,Entertainment & Pop Culture
2024-12-24,2024-12-24_10,10,List_of_highest-grossing_Indian_films,List of highest-grossing Indian films,131307,Entertainment & Pop Culture
2024-12-24,2024-12-24_11,11,Carry-On,Carry-On,114796,Entertainment & Pop Culture
2024-12-24,2024-12-24_12,12,Marco_(2024_film),Marco (2024 film),112652,Entertainment & Pop Culture
2024-12-24,2024-12-24_13,13,Red_One_(film),Red One (film),103348,Entertainment & Pop Culture
2024-12-24,2024-12-24_14,14,Blake_Lively,Blake Lively,101890,Entertainment & Pop Culture
2024-12-24,2024-12-24_15,15,Nosferatu_(2024_film),Nosferatu (2024 film),100830,Entertainment & Pop Culture
2024-12-24,2024-12-24_16,16,International_Space_Station,International Space Station,99463,Science & Technology
2024-12-24,2024-12-24_17,17,Macaulay_Culkin,Macaulay Culkin,98682,Entertainment & Pop Culture
2024-12-24,2024-12-24_18,18,Christmas,Christmas,94621,Lifestyle & Wellness
2024-12-24,2024-12-24_19,19,Home_Alone,Home Alone,91959,Entertainment & Pop Culture
2024-12-24,2024-12-24_20,20,Matt_Gaetz,Matt Gaetz,91909,Politics & Civic Life
2024-12-24,2024-12-24_21,21,Scarlett_Johansson,Scarlett Johansson,90795,Entertainment & Pop Culture
2024-12-24,2024-12-24_22,22,Gladiator_II,Gladiator II,88285,Entertainment & Pop Culture
2024-12-24,2024-12-24_23,23,George_Michael,George Michael,86824,Entertainment & Pop Culture
2024-12-24,2024-12-24_24,24,Obelisk_(biology),Obelisk (biology),83166,Science & Technology
2024-12-24,2024-12-24_25,25,Elon_Musk,Elon Musk,81838,Business & Finance
2024-12-23,2024-12-23_1,1,Pushpa_2:_The_Rule,Pushpa 2: The Rule,268595,Entertainment & Pop Culture
2024-12-23,2024-12-23_2,2,.xxx,.xxx,259731,Science & Technology
2024-12-23,2024-12-23_3,3,Justin_Baldoni,Justin Baldoni,226437,Entertainment & Pop Culture
2024-12-23,2024-12-23_4,4,Mufasa:_The_Lion_King,Mufasa: The Lion King,160802,Entertainment & Pop Culture
2024-12-23,2024-12-23_5,5,Sonic_the_Hedgehog_3_(film),Sonic the Hedgehog 3 (film),157516,Entertainment & Pop Culture
2024-12-23,2024-12-23_6,6,Deaths_in_2024,Deaths in 2024,142161,Lifestyle & Wellness
2024-12-23,2024-12-23_7,7,Panama_Canal,Panama Canal,139537,Politics & Civic Life
2024-12-23,2024-12-23_8,8,List_of_highest-grossing_Indian_films,List of highest-grossing Indian films,138147,Entertainment & Pop Culture
2024-12-23,2024-12-23_9,9,Matt_Gaetz,Matt Gaetz,134839,Politics & Civic Life
2024-12-23,2024-12-23_10,10,Blake_Lively,Blake Lively,131467,Entertainment & Pop Culture
2024-12-23,2024-12-23_11,11,Marco_(2024_film),Marco (2024 film),121262,Entertainment & Pop Culture
2024-12-23,2024-12-23_12,12,Paul_Hogan,Paul Hogan,120154,Entertainment & Pop Culture
2024-12-23,2024-12-23_13,13,Scarlett_Johansson,Scarlett Johansson,118640,Entertainment & Pop Culture
2024-12-23,2024-12-23_14,14,Carry-On,Carry-On,117995,Entertainment & Pop Culture
2024-12-23,2024-12-23_15,15,Greenland,Greenland,109225,Lifestyle & Wellness
2024-12-23,2024-12-23_16,16,Rickey_Henderson,Rickey Henderson,109062,Sports & Athletics
2024-12-23,2024-12-23_17,17,Elon_Musk,Elon Musk,107920,Business & Finance
2024-12-23,2024-12-23_18,18,2025_PDC_World_Darts_Championship,2025 PDC World Darts Championship,107048,Sports & Athletics
2024-12-23,2024-12-23_19,19,Dune:_Prophecy,Dune: Prophecy,100707,Entertainment & Pop Culture
2024-12-23,2024-12-23_20,20,Alfie_Boe,Alfie Boe,99348,Entertainment & Pop Culture
2024-12-23,2024-12-23_21,21,Colin_Jost,Colin Jost,85869,Entertainment & Pop Culture
2024-12-23,2024-12-23_22,22,Red_One_(film),Red One (film),85833,Entertainment & Pop Culture
2024-12-23,2024-12-23_23,23,Oleksandr_Usyk,Oleksandr Usyk,85246,Sports & Athletics
2024-12-23,2024-12-23_24,24,It_Ends_with_Us_(film),It Ends with Us (film),82814,Entertainment & Pop Culture
2024-12-23,2024-12-23_25,25,The_Six_Triple_Eight,The Six Triple Eight,80934,Entertainment & Pop Culture
2024-12-22,2024-12-22_1,1,Rickey_Henderson,Rickey Henderson,398170,Sports & Athletics
2024-12-22,2024-12-22_2,2,Pushpa_2:_The_Rule,Pushpa 2: The Rule,286453,Entertainment & Pop Culture
2024-12-22,2024-12-22_3,3,Justin_Baldoni,Justin Baldoni,284997,Entertainment & Pop Culture
2024-12-22,2024-12-22_4,4,.xxx,.xxx,256985,Science & Technology
2024-12-22,2024-12-22_5,5,Oleksandr_Usyk,Oleksandr Usyk,256211,Sports & Athletics
2024-12-22,2024-12-22_6,6,Mufasa:_The_Lion_King,Mufasa: The Lion King,179613,Entertainment & Pop Culture
2024-12-22,2024-12-22_7,7,Tyson_Fury,Tyson Fury,174587,Sports & Athletics
2024-12-22,2024-12-22_8,8,Sonic_the_Hedgehog_3_(film),Sonic the Hedgehog 3 (film),172989,Entertainment & Pop Culture
2024-12-22,2024-12-22_9,9,Kay_Granger,Kay Granger,156901,Politics & Civic Life
2024-12-22,2024-12-22_10,10,Scarlett_Johansson,Scarlett Johansson,147841,Entertainment & Pop Culture
2024-12-22,2024-12-22_11,11,Carry-On,Carry-On,141903,Entertainment & Pop Culture
2024-12-22,2024-12-22_12,12,Gisèle_Pelicot,Gisèle Pelicot,139310,Politics & Civic Life
2024-12-22,2024-12-22_13,13,List_of_highest-grossing_Indian_films,List of highest-grossing Indian films,136352,Entertainment & Pop Culture
2024-12-22,2024-12-22_14,14,Deaths_in_2024,Deaths in 2024,135570,Lifestyle & Wellness
2024-12-22,2024-12-22_15,15,Rey_Mysterio,Rey Mysterio,135564,Sports & Athletics
2024-12-22,2024-12-22_16,16,Blake_Lively,Blake Lively,131605,Entertainment & Pop Culture
2024-12-22,2024-12-22_17,17,Marco_(2024_film),Marco (2024 film),125804,Entertainment & Pop Culture
2024-12-22,2024-12-22_18,18,Colin_Jost,Colin Jost,110401,Entertainment & Pop Culture
2024-12-22,2024-12-22_19,19,It_Ends_with_Us_(film),It Ends with Us (film),110124,Entertainment & Pop Culture
2024-12-22,2024-12-22_20,20,Elon_Musk,Elon Musk,107255,Business & Finance
2024-12-22,2024-12-22_21,21,2025_PDC_World_Darts_Championship,2025 PDC World Darts Championship,99387,Sports & Athletics
2024-12-22,2024-12-22_22,22,The_Six_Triple_Eight,The Six Triple Eight,99008,Entertainment & Pop Culture
2024-12-22,2024-12-22_23,23,Red_One_(film),Red One (film),98951,Entertainment & Pop Culture
2024-12-22,2024-12-22_24,24,Kraven_the_Hunter_(film),Kraven the Hunter (film),98480,Entertainment & Pop Culture
2024-12-22,2024-12-22_25,25,Emily_Baldoni,Emily Baldoni,89383,Entertainment & Pop Culture
2024-12-21,2024-12-21_1,1,.xxx,.xxx,389457,Science & Technology
2024-12-21,2024-12-21_2,2,Rickey_Henderson,Rickey Henderson,378420,Sports & Athletics
2024-12-21,2024-12-21_3,3,Pushpa_2:_The_Rule,Pushpa 2: The Rule,289086,Entertainment & Pop Culture
2024-12-21,2024-12-21_4,4,Gisèle_Pelicot,Gisèle Pelicot,257358,Politics & Civic Life
2024-12-21,2024-12-21_5,5,Rey_Mysterio,Rey Mysterio,209019,Sports & Athletics
2024-12-21,2024-12-21_6,6,Sonic_the_Hedgehog_3_(film),Sonic the Hedgehog 3 (film),203887,Entertainment & Pop Culture
2024-12-21,2024-12-21_7,7,Mufasa:_The_Lion_King,Mufasa: The Lion King,196230,Entertainment & Pop Culture
2024-12-21,2024-12-21_8,8,Oleksandr_Usyk,Oleksandr Usyk,172022,Sports & Athletics
2024-12-21,2024-12-21_9,9,Tyson_Fury,Tyson Fury,157452,Sports & Athletics
2024-12-21,2024-12-21_10,10,List_of_highest-grossing_Indian_films,List of highest-grossing Indian films,140530,Entertainment & Pop Culture
2024-12-21,2024-12-21_11,11,Justin_Baldoni,Justin Baldoni,137922,Entertainment & Pop Culture
2024-12-21,2024-12-21_12,12,Deaths_in_2024,Deaths in 2024,134649,Lifestyle & Wellness
2024-12-21,2024-12-21_13,13,Winter_solstice,Winter solstice,126732,Science & Technology
2024-12-21,2024-12-21_14,14,Elon_Musk,Elon Musk,121977,Business & Finance
2024-12-21,2024-12-21_15,15,Marco_(2024_film),Marco (2024 film),121840,Entertainment & Pop Culture
2024-12-21,2024-12-21_16,16,Carry-On,Carry-On,119204,Entertainment & Pop Culture
2024-12-21,2024-12-21_17,17,Superman_(2025_film),Superman (2025 film),112123,Entertainment & Pop Culture
2024-12-21,2024-12-21_18,18,Rey_Misterio,Rey Misterio,110372,Sports & Athletics
2024-12-21,2024-12-21_19,19,Annie_Lennox,Annie Lennox,107470,Entertainment & Pop Culture
2024-12-21,2024-12-21_20,20,DMX,DMX,104490,Entertainment & Pop Culture
2024-12-21,2024-12-21_21,21,Marcus_Freeman,Marcus Freeman,102737,Sports & Athletics
2024-12-21,2024-12-21_22,22,Mazan_rapes,Mazan rapes,98927,Politics & Civic Life
2024-12-21,2024-12-21_23,23,Kraven_the_Hunter_(film),Kraven the Hunter (film),97812,Entertainment & Pop Culture
2024-12-21,2024-12-21_24,24,Moses_Itauma,Moses Itauma,95804,Sports & Athletics
2024-12-21,2024-12-21_25,25,The_Six_Triple_Eight,The Six Triple Eight,94584,Entertainment & Pop Culture
2024-12-20,2024-12-20_1,1,.xxx,.xxx,580270,Science & Technology
2024-12-20,2024-12-20_2,2,Gisèle_Pelicot,Gisèle Pelicot,443007,Politics & Civic Life
2024-12-20,2024-12-20_3,3,Pushpa_2:_The_Rule,Pushpa 2: The Rule,281576,Entertainment & Pop Culture
2024-12-20,2024-12-20_4,4,Superman_(2025_film),Superman (2025 film),238254,Entertainment & Pop Culture
2024-12-20,2024-12-20_5,5,Fair_catch_kick,Fair catch kick,223594,Sports & Athletics
2024-12-20,2024-12-20_6,6,Sonic_the_Hedgehog_3_(film),Sonic the Hedgehog 3 (film),219634,Entertainment & Pop Culture
2024-12-20,2024-12-20_7,7,Mufasa:_The_Lion_King,Mufasa: The Lion King,198902,Entertainment & Pop Culture
2024-12-20,2024-12-20_8,8,Mazan_rapes,Mazan rapes,179333,Politics & Civic Life
2024-12-20,2024-12-20_9,9,List_of_highest-grossing_Indian_films,List of highest-grossing Indian films,160214,Entertainment & Pop Culture
2024-12-20,2024-12-20_10,10,The_Hooded_Man,The Hooded Man,149325,Entertainment & Pop Culture
2024-12-20,2024-12-20_11,11,David_Corenswet,David Corenswet,145710,Entertainment & Pop Culture
2024-12-20,2024-12-20_12,12,Deaths_in_2024,Deaths in 2024,140809,Lifestyle & Wellness
2024-12-20,2024-12-20_13,13,Elon_Musk,Elon Musk,136246,Business & Finance
2024-12-20,2024-12-20_14,14,Carry-On,Carry-On,110030,Entertainment & Pop Culture
2024-12-20,2024-12-20_15,15,Government_shutdowns_in_the_United_States,Government shutdowns in the United States,107643,Politics & Civic Life
2024-12-20,2024-12-20_16,16,Guy_Gardner_(character),Guy Gardner (character),100664,Entertainment & Pop Culture
2024-12-20,2024-12-20_17,17,Ethan_Slater,Ethan Slater,90773,Entertainment & Pop Culture
2024-12-20,2024-12-20_18,18,Kraven_the_Hunter_(film),Kraven the Hunter (film),89257,Entertainment & Pop Culture
2024-12-20,2024-12-20_19,19,Marco_(2024_film),Marco (2024 film),83526,Entertainment & Pop Culture
2024-12-20,2024-12-20_20,20,Rosa_DeLauro,Rosa DeLauro,79008,Politics & Civic Life
2024-12-20,2024-12-20_21,21,Cleopatra,Cleopatra,78661,Politics & Civic Life
2024-12-20,2024-12-20_22,22,2025_PDC_World_Darts_Championship,2025 PDC World Darts Championship,78419,Sports & Athletics
2024-12-20,2024-12-20_23,23,UI_(film),UI (film),78154,Entertainment & Pop Culture
2024-12-20,2024-12-20_24,24,2018_Horizon_Air_Q400_incident,2018 Horizon Air Q400 incident,77225,Lifestyle & Wellness
2024-12-20,2024-12-20_25,25,Rule_34,Rule 34,75113,Entertainment & Pop Culture
2024-12-19,2024-12-19_1,1,Gisèle_Pelicot,Gisèle Pelicot,476894,Politics & Civic Life
2024-12-19,2024-12-19_2,2,.xxx,.xxx,313151,Science & Technology
2024-12-19,2024-12-19_3,3,Superman_(2025_film),Superman (2025 film),305211,Entertainment & Pop Culture
2024-12-19,2024-12-19_4,4,Pushpa_2:_The_Rule,Pushpa 2: The Rule,304708,Entertainment & Pop Culture
2024-12-19,2024-12-19_5,5,Mazan_rapes,Mazan rapes,167650,Politics & Civic Life
2024-12-19,2024-12-19_6,6,List_of_highest-grossing_Indian_films,List of highest-grossing Indian films,167235,Entertainment & Pop Culture
2024-12-19,2024-12-19_7,7,David_Corenswet,David Corenswet,161971,Entertainment & Pop Culture
2024-12-19,2024-12-19_8,8,Deaths_in_2024,Deaths in 2024,151046,Lifestyle & Wellness
2024-12-19,2024-12-19_9,9,Sonic_the_Hedgehog_3_(film),Sonic the Hedgehog 3 (film),132786,Entertainment & Pop Culture
2024-12-19,2024-12-19_10,10,Carry-On,Carry-On,114793,Entertainment & Pop Culture
2024-12-19,2024-12-19_11,11,XNXX,XNXX,113611,Entertainment & Pop Culture
2024-12-19,2024-12-19_12,12,Elon_Musk,Elon Musk,100367,Business & Finance
2024-12-19,2024-12-19_13,13,Mufasa:_The_Lion_King,Mufasa: The Lion King,98160,Entertainment & Pop Culture
2024-12-19,2024-12-19_14,14,Guy_Gardner_(character),Guy Gardner (character),95453,Entertainment & Pop Culture
2024-12-19,2024-12-19_15,15,Kraven_the_Hunter_(film),Kraven the Hunter (film),88812,Entertainment & Pop Culture
2024-12-19,2024-12-19_16,16,Rule_34,Rule 34,81757,Entertainment & Pop Culture
2024-12-19,2024-12-19_17,17,Rachel_Brosnahan,Rachel Brosnahan,78592,Entertainment & Pop Culture
2024-12-19,2024-12-19_18,18,Survivor_47,Survivor 47,77954,Entertainment & Pop Culture
2024-12-19,2024-12-19_19,19,Cleopatra,Cleopatra,77826,Politics & Civic Life
2024-12-19,2024-12-19_20,20,2025_PDC_World_Darts_Championship,2025 PDC World Darts Championship,75575,Sports & Athletics
2024-12-19,2024-12-19_21,21,Wicked_(2024_film),Wicked (2024 film),71315,Entertainment & Pop Culture
2024-12-19,2024-12-19_22,22,2018_Horizon_Air_Q400_incident,2018 Horizon Air Q400 incident,68998,Lifestyle & Wellness
2024-12-19,2024-12-19_23,23,Red_One_(film),Red One (film),65588,Entertainment & Pop Culture
2024-12-19,2024-12-19_24,24,Secret_Level,Secret Level,63717,Entertainment & Pop Culture
2024-12-19,2024-12-19_25,25,Mister_Terrific_(Michael_Holt),Mister Terrific (Michael Holt),63481,Entertainment & Pop Culture
2024-12-18,2024-12-18_1,1,.xxx,.xxx,346886,Science & Technology
2024-12-18,2024-12-18_2,2,Pushpa_2:_The_Rule,Pushpa 2: The Rule,322804,Entertainment & Pop Culture
2024-12-18,2024-12-18_3,3,List_of_highest-grossing_Indian_films,List of highest-grossing Indian films,169180,Entertainment & Pop Culture
2024-12-18,2024-12-18_4,4,Deaths_in_2024,Deaths in 2024,153409,Lifestyle & Wellness
2024-12-18,2024-12-18_5,5,Ravichandran_Ashwin,Ravichandran Ashwin,140813,Sports & Athletics
2024-12-18,2024-12-18_6,6,Carry-On,Carry-On,124882,Entertainment & Pop Culture
2024-12-18,2024-12-18_7,7,Kraven_the_Hunter_(film),Kraven the Hunter (film),104344,Entertainment & Pop Culture
2024-12-18,2024-12-18_8,8,Secret_Level,Secret Level,93312,Entertainment & Pop Culture
2024-12-18,2024-12-18_9,9,Sonic_the_Hedgehog_3_(film),Sonic the Hedgehog 3 (film),87855,Entertainment & Pop Culture
2024-12-18,2024-12-18_10,10,Rule_34,Rule 34,87303,Entertainment & Pop Culture
2024-12-18,2024-12-18_11,11,Wicked_(2024_film),Wicked (2024 film),78212,Entertainment & Pop Culture
2024-12-18,2024-12-18_12,12,Cleopatra,Cleopatra,77865,Politics & Civic Life
2024-12-18,2024-12-18_13,13,Anora,Anora,77833,Entertainment & Pop Culture
2024-12-18,2024-12-18_14,14,Mufasa:_The_Lion_King,Mufasa: The Lion King,77027,Entertainment & Pop Culture
2024-12-18,2024-12-18_15,15,2024_FIFA_Intercontinental_Cup,2024 FIFA Intercontinental Cup,76471,Sports & Athletics
2024-12-18,2024-12-18_16,16,XXX_(2002_film),XXX (2002 film),76296,Entertainment & Pop Culture
2024-12-18,2024-12-18_17,17,Karate_Kid:_Legends,Karate Kid: Legends,71978,Entertainment & Pop Culture
2024-12-18,2024-12-18_18,18,Red_One_(film),Red One (film),70171,Entertainment & Pop Culture
2024-12-18,2024-12-18_19,19,YouTube,YouTube,68491,Entertainment & Pop Culture
2024-12-18,2024-12-18_20,20,2024_United_States_presidential_election,2024 United States presidential election,67930,Politics & Civic Life
2024-12-18,2024-12-18_21,21,Gukesh_Dommaraju,Gukesh Dommaraju,67106,Sports & Athletics
2024-12-18,2024-12-18_22,22,Abundant_Life_Christian_School_shooting,Abundant Life Christian School shooting,65723,Politics & Civic Life
2024-12-18,2024-12-18_23,23,Elon_Musk,Elon Musk,65595,Business & Finance
2024-12-18,2024-12-18_24,24,Superman_(2025_film),Superman (2025 film),65563,Entertainment & Pop Culture
2024-12-18,2024-12-18_25,25,2025_PDC_World_Darts_Championship,2025 PDC World Darts Championship,64043,Sports & Athletics
2024-12-17,2024-12-17_1,1,.xxx,.xxx,403478,Science & Technology
2024-12-17,2024-12-17_2,2,Pushpa_2:_The_Rule,Pushpa 2: The Rule,346410,Entertainment & Pop Culture
2024-12-17,2024-12-17_3,3,List_of_highest-grossing_Indian_films,List of highest-grossing Indian films,214070,Entertainment & Pop Culture
2024-12-17,2024-12-17_4,4,Abundant_Life_Christian_School_shooting,Abundant Life Christian School shooting,182550,Politics & Civic Life
2024-12-17,2024-12-17_5,5,Jānis_Timma,Jānis Timma,159726,Sports & Athletics
2024-12-17,2024-12-17_6,6,Deaths_in_2024,Deaths in 2024,153272,Lifestyle & Wellness
2024-12-17,2024-12-17_7,7,Carry-On,Carry-On,147212,Entertainment & Pop Culture
2024-12-17,2024-12-17_8,8,Kraven_the_Hunter_(film),Kraven the Hunter (film),118465,Entertainment & Pop Culture
2024-12-17,2024-12-17_9,9,Zakir_Hussain_(musician),Zakir Hussain (musician),104906,Entertainment & Pop Culture
2024-12-17,2024-12-17_10,10,Rule_34,Rule 34,92859,Entertainment & Pop Culture
2024-12-17,2024-12-17_11,11,Wicked_(2024_film),Wicked (2024 film),85209,Entertainment & Pop Culture
2024-12-17,2024-12-17_12,12,Secret_Level,Secret Level,84914,Entertainment & Pop Culture
2024-12-17,2024-12-17_13,13,Little_Big_Town,Little Big Town,83455,Entertainment & Pop Culture
2024-12-17,2024-12-17_14,14,Chrystia_Freeland,Chrystia Freeland,82545,Politics & Civic Life
2024-12-17,2024-12-17_15,15,Orville_Peck,Orville Peck,81954,Entertainment & Pop Culture
2024-12-17,2024-12-17_16,16,Gukesh_Dommaraju,Gukesh Dommaraju,78942,Sports & Athletics
2024-12-17,2024-12-17_17,17,Cleopatra,Cleopatra,78143,Politics & Civic Life
2024-12-17,2024-12-17_18,18,Red_One_(film),Red One (film),77071,Entertainment & Pop Culture
2024-12-17,2024-12-17_19,19,Follow-on,Follow-on,76906,Sports & Athletics
2024-12-17,2024-12-17_20,20,Yellowstone_(American_TV_series),Yellowstone (American TV series),76137,Entertainment & Pop Culture
2024-12-17,2024-12-17_21,21,2025_PDC_World_Darts_Championship,2025 PDC World Darts Championship,73729,Sports & Athletics
2024-12-17,2024-12-17_22,22,KMFDM,KMFDM,70524,Entertainment & Pop Culture
2024-12-17,2024-12-17_23,23,YouTube,YouTube,65780,Entertainment & Pop Culture
2024-12-17,2024-12-17_24,24,Taron_Egerton,Taron Egerton,65029,Entertainment & Pop Culture
2024-12-17,2024-12-17_25,25,Karate_Kid:_Legends,Karate Kid: Legends,64056,Entertainment & Pop Culture
2024-12-16,2024-12-16_1,1,Pushpa_2:_The_Rule,Pushpa 2: The Rule,407480,Entertainment & Pop Culture
2024-12-16,2024-12-16_2,2,Zakir_Hussain_(musician),Zakir Hussain (musician),335340,Entertainment & Pop Culture
2024-12-16,2024-12-16_3,3,.xxx,.xxx,302031,Science & Technology
2024-12-16,2024-12-16_4,4,List_of_highest-grossing_Indian_films,List of highest-grossing Indian films,267924,Entertainment & Pop Culture
2024-12-16,2024-12-16_5,5,Dua_Lipa,Dua Lipa,205031,Entertainment & Pop Culture
2024-12-16,2024-12-16_6,6,Carry-On,Carry-On,180192,Entertainment & Pop Culture
2024-12-16,2024-12-16_7,7,Kraven_the_Hunter_(film),Kraven the Hunter (film),163995,Entertainment & Pop Culture
2024-12-16,2024-12-16_8,8,Mayotte,Mayotte,152595,Politics & Civic Life
2024-12-16,2024-12-16_9,9,Deaths_in_2024,Deaths in 2024,148930,Lifestyle & Wellness
2024-12-16,2024-12-16_10,10,Yellowstone_(American_TV_series),Yellowstone (American TV series),112385,Entertainment & Pop Culture
2024-12-16,2024-12-16_11,11,Amad_Diallo,Amad Diallo,106677,Sports & Athletics
2024-12-16,2024-12-16_12,12,Gukesh_Dommaraju,Gukesh Dommaraju,103920,Sports & Athletics
2024-12-16,2024-12-16_13,13,Red_One_(film),Red One (film),102275,Entertainment & Pop Culture
2024-12-16,2024-12-16_14,14,Wicked_(2024_film),Wicked (2024 film),96981,Entertainment & Pop Culture
2024-12-16,2024-12-16_15,15,Jill_Jacobson,Jill Jacobson,93270,Entertainment & Pop Culture
2024-12-16,2024-12-16_16,16,Serge_Monast,Serge Monast,92732,Lifestyle & Wellness
2024-12-16,2024-12-16_17,17,Bashar_al-Assad,Bashar al-Assad,91381,Politics & Civic Life
2024-12-16,2024-12-16_18,18,Travis_Hunter,Travis Hunter,88723,Sports & Athletics
2024-12-16,2024-12-16_19,19,List_of_Yellowstone_episodes,List of Yellowstone episodes,88605,Entertainment & Pop Culture
2024-12-16,2024-12-16_20,20,XXX_(2002_film),XXX (2002 film),85174,Entertainment & Pop Culture
2024-12-16,2024-12-16_21,21,Taron_Egerton,Taron Egerton,83780,Entertainment & Pop Culture
2024-12-16,2024-12-16_22,22,The_Sound_of_Music_(film),The Sound of Music (film),81825,Entertainment & Pop Culture
2024-12-16,2024-12-16_23,23,Syria,Syria,81730,Politics & Civic Life
2024-12-16,2024-12-16_24,24,Chrystia_Freeland,Chrystia Freeland,79870,Politics & Civic Life
2024-12-16,2024-12-16_25,25,Cleopatra,Cleopatra,78071,Politics & Civic Life
2024-12-15,2024-12-15_1,1,Pushpa_2:_The_Rule,Pushpa 2: The Rule,430265,Entertainment & Pop Culture
2024-12-15,2024-12-15_2,2,Travis_Hunter,Travis Hunter,313291,Sports & Athletics
2024-12-15,2024-12-15_3,3,Zakir_Hussain_(musician),Zakir Hussain (musician),240823,Entertainment & Pop Culture
2024-12-15,2024-12-15_4,4,Carry-On,Carry-On,229481,Entertainment & Pop Culture
2024-12-15,2024-12-15_5,5,List_of_highest-grossing_Indian_films,List of highest-grossing Indian films,211987,Entertainment & Pop Culture
2024-12-15,2024-12-15_6,6,Kraven_the_Hunter_(film),Kraven the Hunter (film),195189,Entertainment & Pop Culture
2024-12-15,2024-12-15_7,7,Saturday_Night's_Main_Event,Saturday Night's Main Event,192460,Sports & Athletics
2024-12-15,2024-12-15_8,8,Amad_Diallo,Amad Diallo,188043,Sports & Athletics
2024-12-15,2024-12-15_9,9,Red_One_(film),Red One (film),166711,Entertainment & Pop Culture
2024-12-15,2024-12-15_10,10,UFC_on_ESPN:_Covington_vs._Buckley,UFC on ESPN: Covington vs. Buckley,152964,Sports & Athletics
2024-12-15,2024-12-15_11,11,Gukesh_Dommaraju,Gukesh Dommaraju,134789,Sports & Athletics
2024-12-15,2024-12-15_12,12,Deaths_in_2024,Deaths in 2024,134293,Lifestyle & Wellness
2024-12-15,2024-12-15_13,13,Serge_Monast,Serge Monast,126740,Lifestyle & Wellness
2024-12-15,2024-12-15_14,14,Gracie_Abrams,Gracie Abrams,123886,Entertainment & Pop Culture
2024-12-15,2024-12-15_15,15,Wicked_(2024_film),Wicked (2024 film),117543,Entertainment & Pop Culture
2024-12-15,2024-12-15_16,16,Taron_Egerton,Taron Egerton,112059,Entertainment & Pop Culture
2024-12-15,2024-12-15_17,17,.xxx,.xxx,111359,Science & Technology
2024-12-15,2024-12-15_18,18,Thomas_Cromwell,Thomas Cromwell,102117,Politics & Civic Life
2024-12-15,2024-12-15_19,19,Colby_Covington,Colby Covington,99522,Sports & Athletics
2024-12-15,2024-12-15_20,20,Aaron_Taylor-Johnson,Aaron Taylor-Johnson,99380,Entertainment & Pop Culture
2024-12-15,2024-12-15_21,21,Isak_Andic,Isak Andic,96374,Business & Finance
2024-12-15,2024-12-15_22,22,Black_Doves,Black Doves,95707,Entertainment & Pop Culture
2024-12-15,2024-12-15_23,23,Maria_Callas,Maria Callas,95199,Entertainment & Pop Culture
2024-12-15,2024-12-15_24,24,Gladiator_II,Gladiator II,95161,Entertainment & Pop Culture
2024-12-15,2024-12-15_25,25,Joaquin_Buckley,Joaquin Buckley,93076,Sports & Athletics
2024-12-14,2024-12-14_1,1,Pushpa_2:_The_Rule,Pushpa 2: The Rule,425782,Entertainment & Pop Culture
2024-12-14,2024-12-14_2,2,Kraven_the_Hunter_(film),Kraven the Hunter (film),252270,Entertainment & Pop Culture
2024-12-14,2024-12-14_3,3,Gukesh_Dommaraju,Gukesh Dommaraju,242481,Sports & Athletics
2024-12-14,2024-12-14_4,4,Carry-On,Carry-On,210622,Entertainment & Pop Culture
2024-12-14,2024-12-14_5,5,List_of_highest-grossing_Indian_films,List of highest-grossing Indian films,179018,Entertainment & Pop Culture
2024-12-14,2024-12-14_6,6,Red_One_(film),Red One (film),170650,Entertainment & Pop Culture
2024-12-14,2024-12-14_7,7,Sarah_Hadland,Sarah Hadland,169601,Entertainment & Pop Culture
2024-12-14,2024-12-14_8,8,George_Michael,George Michael,143189,Entertainment & Pop Culture
2024-12-14,2024-12-14_9,9,Chris_McCausland,Chris McCausland,132371,Entertainment & Pop Culture
2024-12-14,2024-12-14_10,10,Deaths_in_2024,Deaths in 2024,126993,Lifestyle & Wellness
2024-12-14,2024-12-14_11,11,Army–Navy_Game,Army–Navy Game,116900,Sports & Athletics
2024-12-14,2024-12-14_12,12,Bashar_al-Assad,Bashar al-Assad,116540,Politics & Civic Life
2024-12-14,2024-12-14_13,13,Benny_Blanco,Benny Blanco,114656,Entertainment & Pop Culture
2024-12-14,2024-12-14_14,14,Andrew_Ridgeley,Andrew Ridgeley,114364,Entertainment & Pop Culture
2024-12-14,2024-12-14_15,15,Aaron_Taylor-Johnson,Aaron Taylor-Johnson,112842,Entertainment & Pop Culture
2024-12-14,2024-12-14_16,16,Syria,Syria,110897,Politics & Civic Life
2024-12-14,2024-12-14_17,17,Tasha_Ghouri,Tasha Ghouri,110489,Entertainment & Pop Culture
2024-12-14,2024-12-14_18,18,Wicked_(2024_film),Wicked (2024 film),108060,Entertainment & Pop Culture
2024-12-14,2024-12-14_19,19,List_of_circulating_currencies,List of circulating currencies,103783,Business & Finance
2024-12-14,2024-12-14_20,20,Dick_Van_Dyke,Dick Van Dyke,102284,Entertainment & Pop Culture
2024-12-14,2024-12-14_21,21,Taron_Egerton,Taron Egerton,100064,Entertainment & Pop Culture
2024-12-14,2024-12-14_22,22,Isak_Andic,Isak Andic,99863,Business & Finance
2024-12-14,2024-12-14_23,23,Maria_Callas,Maria Callas,96122,Entertainment & Pop Culture
2024-12-14,2024-12-14_24,24,Allu_Arjun,Allu Arjun,94456,Entertainment & Pop Culture
2024-12-14,2024-12-14_25,25,Lockheed_Martin_RQ-170_Sentinel,Lockheed Martin RQ-170 Sentinel,89085,Science & Technology
2024-12-13,2024-12-13_1,1,Gukesh_Dommaraju,Gukesh Dommaraju,551121,Sports & Athletics
2024-12-13,2024-12-13_2,2,Pushpa_2:_The_Rule,Pushpa 2: The Rule,452929,Entertainment & Pop Culture
2024-12-13,2024-12-13_3,3,Kraven_the_Hunter_(film),Kraven the Hunter (film),259717,Entertainment & Pop Culture
2024-12-13,2024-12-13_4,4,Benny_Blanco,Benny Blanco,244292,Entertainment & Pop Culture
2024-12-13,2024-12-13_5,5,The_Game_Awards_2024,The Game Awards 2024,192029,Entertainment & Pop Culture
2024-12-13,2024-12-13_6,6,De'Vondre_Campbell,De'Vondre Campbell,180713,Sports & Athletics
2024-12-13,2024-12-13_7,7,List_of_highest-grossing_Indian_films,List of highest-grossing Indian films,179511,Entertainment & Pop Culture
2024-12-13,2024-12-13_8,8,World_Chess_Championship_2024,World Chess Championship 2024,169953,Sports & Athletics
2024-12-13,2024-12-13_9,9,Astro_Bot,Astro Bot,161594,Entertainment & Pop Culture
2024-12-13,2024-12-13_10,10,Bashar_al-Assad,Bashar al-Assad,153252,Politics & Civic Life
2024-12-13,2024-12-13_11,11,Deaths_in_2024,Deaths in 2024,139010,Lifestyle & Wellness
2024-12-13,2024-12-13_12,12,Syria,Syria,130354,Politics & Civic Life
2024-12-13,2024-12-13_13,13,Sexploitation_film,Sexploitation film,130305,Entertainment & Pop Culture
2024-12-13,2024-12-13_14,14,Red_One_(film),Red One (film),125508,Entertainment & Pop Culture
2024-12-13,2024-12-13_15,15,Time_Person_of_the_Year,Time Person of the Year,120386,Politics & Civic Life
2024-12-13,2024-12-13_16,16,Aaron_Taylor-Johnson,Aaron Taylor-Johnson,117852,Entertainment & Pop Culture
2024-12-13,2024-12-13_17,17,Crystal_Mangum,Crystal Mangum,114516,Politics & Civic Life
2024-12-13,2024-12-13_18,18,2026_FIFA_World_Cup_qualification_(UEFA),2026 FIFA World Cup qualification (UEFA),114333,Sports & Athletics
2024-12-13,2024-12-13_19,19,Bill_Belichick,Bill Belichick,108667,Sports & Athletics
2024-12-13,2024-12-13_20,20,Dick_Van_Dyke,Dick Van Dyke,103099,Entertainment & Pop Culture
2024-12-13,2024-12-13_21,21,Duke_lacrosse_case,Duke lacrosse case,102663,Politics & Civic Life
2024-12-13,2024-12-13_22,22,World_Chess_Championship,World Chess Championship,100877,Sports & Athletics
2024-12-13,2024-12-13_23,23,Allu_Arjun,Allu Arjun,98864,Entertainment & Pop Culture
2024-12-13,2024-12-13_24,24,Carry-On,Carry-On,96139,Entertainment & Pop Culture
2024-12-13,2024-12-13_25,25,Taylor_Swift,Taylor Swift,89363,Entertainment & Pop Culture
2024-12-12,2024-12-12_1,1,Pushpa_2:_The_Rule,Pushpa 2: The Rule,462980,Entertainment & Pop Culture
2024-12-12,2024-12-12_2,2,Benny_Blanco,Benny Blanco,358439,Entertainment & Pop Culture
2024-12-12,2024-12-12_3,3,Gukesh_Dommaraju,Gukesh Dommaraju,351955,Sports & Athletics
2024-12-12,2024-12-12_4,4,Bill_Belichick,Bill Belichick,216093,Sports & Athletics
2024-12-12,2024-12-12_5,5,World_Chess_Championship_2024,World Chess Championship 2024,208351,Sports & Athletics
2024-12-12,2024-12-12_6,6,Kraven_the_Hunter_(film),Kraven the Hunter (film),202739,Entertainment & Pop Culture
2024-12-12,2024-12-12_7,7,Bashar_al-Assad,Bashar al-Assad,201065,Politics & Civic Life
2024-12-12,2024-12-12_8,8,List_of_highest-grossing_Indian_films,List of highest-grossing Indian films,195720,Entertainment & Pop Culture
2024-12-12,2024-12-12_9,9,ChatGPT,ChatGPT,171609,Science & Technology
2024-12-12,2024-12-12_10,10,Time_Person_of_the_Year,Time Person of the Year,166700,Politics & Civic Life
2024-12-12,2024-12-12_11,11,Syria,Syria,154782,Politics & Civic Life
2024-12-12,2024-12-12_12,12,28_Years_Later,28 Years Later,145745,Entertainment & Pop Culture
2024-12-12,2024-12-12_13,13,Deaths_in_2024,Deaths in 2024,145209,Lifestyle & Wellness
2024-12-12,2024-12-12_14,14,Selena_Gomez,Selena Gomez,129798,Entertainment & Pop Culture
2024-12-12,2024-12-12_15,15,Maria_Callas,Maria Callas,126003,Entertainment & Pop Culture
2024-12-12,2024-12-12_16,16,Secret_Level,Secret Level,116889,Entertainment & Pop Culture
2024-12-12,2024-12-12_17,17,28_Days_Later,28 Days Later,115849,Entertainment & Pop Culture
2024-12-12,2024-12-12_18,18,Linford_Christie,Linford Christie,111533,Sports & Athletics
2024-12-12,2024-12-12_19,19,Brian_Thompson_(businessman),Brian Thompson (businessman),106061,Business & Finance
2024-12-12,2024-12-12_20,20,Killing_of_Brian_Thompson,Killing of Brian Thompson,105601,Politics & Civic Life
2024-12-12,2024-12-12_21,21,Syrian_civil_war,Syrian civil war,99350,Politics & Civic Life
2024-12-12,2024-12-12_22,22,World_Chess_Championship,World Chess Championship,95392,Sports & Athletics
2024-12-12,2024-12-12_23,23,Black_Doves,Black Doves,94189,Entertainment & Pop Culture
2024-12-12,2024-12-12_24,24,Thomas(ine)_Hall,Thomas(ine) Hall,93962,Politics & Civic Life
2024-12-12,2024-12-12_25,25,Aaron_Taylor-Johnson,Aaron Taylor-Johnson,93275,Entertainment & Pop Culture
2024-12-11,2024-12-11_1,1,Pushpa_2:_The_Rule,Pushpa 2: The Rule,581052,Entertainment & Pop Culture
2024-12-11,2024-12-11_2,2,28_Years_Later,28 Years Later,300874,Entertainment & Pop Culture
2024-12-11,2024-12-11_3,3,Bashar_al-Assad,Bashar al-Assad,274938,Politics & Civic Life
2024-12-11,2024-12-11_4,4,28_Days_Later,28 Days Later,221199,Entertainment & Pop Culture
2024-12-11,2024-12-11_5,5,Syria,Syria,213846,Politics & Civic Life
2024-12-11,2024-12-11_6,6,List_of_highest-grossing_Indian_films,List of highest-grossing Indian films,209298,Entertainment & Pop Culture
2024-12-11,2024-12-11_7,7,Brian_Thompson_(businessman),Brian Thompson (businessman),194871,Business & Finance
2024-12-11,2024-12-11_8,8,Kimberly_Guilfoyle,Kimberly Guilfoyle,194379,Politics & Civic Life
2024-12-11,2024-12-11_9,9,Killing_of_Brian_Thompson,Killing of Brian Thompson,178052,Politics & Civic Life
2024-12-11,2024-12-11_10,10,28_Weeks_Later,28 Weeks Later,170291,Entertainment & Pop Culture
2024-12-11,2024-12-11_11,11,Secret_Level,Secret Level,163140,Entertainment & Pop Culture
2024-12-11,2024-12-11_12,12,Deaths_in_2024,Deaths in 2024,152623,Lifestyle & Wellness
2024-12-11,2024-12-11_13,13,Mark_Gastineau,Mark Gastineau,150774,Sports & Athletics
2024-12-11,2024-12-11_14,14,Syrian_civil_war,Syrian civil war,144307,Politics & Civic Life
2024-12-11,2024-12-11_15,15,Killing_of_Jordan_Neely,Killing of Jordan Neely,139195,Politics & Civic Life
2024-12-11,2024-12-11_16,16,Ted_Kaczynski,Ted Kaczynski,137306,Politics & Civic Life
2024-12-11,2024-12-11_17,17,Greg_Gutfeld,Greg Gutfeld,135070,Politics & Civic Life
2024-12-11,2024-12-11_18,18,Kraven_the_Hunter_(film),Kraven the Hunter (film),127807,Entertainment & Pop Culture
2024-12-11,2024-12-11_19,19,2030_FIFA_World_Cup,2030 FIFA World Cup,113088,Sports & Athletics
2024-12-11,2024-12-11_20,20,Black_Doves,Black Doves,109917,Entertainment & Pop Culture
2024-12-11,2024-12-11_21,21,Boots_(poem),Boots (poem),104369,Entertainment & Pop Culture
2024-12-11,2024-12-11_22,22,Wicked_(2024_film),Wicked (2024 film),93776,Entertainment & Pop Culture
2024-12-11,2024-12-11_23,23,Hafez_al-Assad,Hafez al-Assad,86763,Politics & Civic Life
2024-12-11,2024-12-11_24,24,Roger_Avary,Roger Avary,86222,Entertainment & Pop Culture
2024-12-11,2024-12-11_25,25,World_Chess_Championship_2024,World Chess Championship 2024,84500,Sports & Athletics
